Comment,Designator,Footprint,LCSC Part #,Manufacturer,MPN
LM5122MHX/NOPB,U1,Package_SO:HTSSOP-20-1EP_4.4x6.5mm_P0.65mm_EP3.4x6.5mm_Mask2.4x3.7mm,C77241,Texas Instruments,LM5122MHX/NOPB
10uH,L1,UMI_D2:Coilcraft_SER2915H,C19276042,Coilcraft,SER2915H-103KL
1uH,L2,Inductor_SMD:L_Coilcraft_XAL4020-XXX,C4555951,Coilcraft,XAL4020-102MEC
BSC040N08NS5,"Q1,Q2,Q3",UMI_D2:BSC072N08NS5_TDSON_8,C534333,Infineon Technologies,BSC040N08NS5
470pF 100V,C1,Capacitor_SMD:C_0805_2012Metric,C23481145,KEMET,C0805C471J1GACTU
4.7uF 80V,"C2,C3,C4,C5,C6,C7,C8",Capacitor_SMD:C_1210_3225Metric,C711060,Murata,GRM32ER71K475KE14L
100nF 25V,C9,Capacitor_SMD:C_0603_1608Metric,C77050,Murata,GRM188R71E104KA01D
100pF 50V,C10,Capacitor_SMD:C_0603_1608Metric,C71664,Murata,GRM1885C1H101JA01D
1uF 16V,C11,Capacitor_SMD:C_0603_1608Metric,C161212,Murata,GCM188R71C105KA64D
100pF 50V,C13,Capacitor_SMD:C_0603_1608Metric,C71664,Murata,GRM1885C1H101JA01D
47nF 50V,C14,Capacitor_SMD:C_0603_1608Metric,C107093,Yageo,CC0603KRX7R9BB473
470nF 100V,C15,Capacitor_SMD:C_0805_2012Metric,C97926,Murata,GRM21BR72A474KA73L
100nF 25V,C16,Capacitor_SMD:C_0603_1608Metric,C77050,Murata,GRM188R71E104KA01D
1500pF 50V,C17,Capacitor_SMD:C_0603_1608Metric,C162204,Murata,GRM1885C1H152JA01D
15nF 50V,C18,Capacitor_SMD:C_0603_1608Metric,C107076,Yageo,CC0603KRX7R9BB153
47uF 80V,"C19,C20",UMI_D2:Panasonic_FK_G_10x10.2,C178556,Panasonic,EEE-FK1K470P
7.5,R1,Resistor_SMD:R_2010_5025Metric,C4169838,Yageo,RC2010JK-077R5L
4m 1%,R2,UMI_D2:EverOhms_MA2512_2to5mOhm,C252682,Ever Ohms Tech,MA251230FR004MZ
100,"R3,R4",Resistor_SMD:R_0603_1608Metric,C253328,ROHM,ESR03EZPJ101
0,"R5,R8",Resistor_SMD:R_0603_1608Metric,C122704,Panasonic,ERJ-3GEY0R00V
0,R21,Resistor_SMD:R_0603_1608Metric,C122704,Panasonic,ERJ-3GEY0R00V
49.9k,R10,Resistor_SMD:R_0603_1608Metric,C844789,Vishay,CRCW060349K9FKEA
3.3 1%,R11,Resistor_SMD:R_0603_1608Metric,C137725,Yageo,RC0603FR-073R3L
0,R12,Resistor_SMD:R_0603_1608Metric,C122704,Panasonic,ERJ-3GEY0R00V
8.45k,R13,Resistor_SMD:R_0603_1608Metric,C163417,Yageo,RC0603FR-078K45L
30k,R14,Resistor_SMD:R_0603_1608Metric,C2076641,Vishay,CRCW060330K0JNEA
40.2k,R16,Resistor_SMD:R_0603_1608Metric,C844784,Vishay,CRCW060340K2FKEA
20.5k,R17,Resistor_SMD:R_0603_1608Metric,C844143,Vishay,CRCW060320K5FKEA
1.96k 0.1%,R18,Resistor_SMD:R_0603_1608Metric,C861213,Yageo,RT0603BRD071K96L
84.5k 0.1%,R19,Resistor_SMD:R_0603_1608Metric,C4295220,Panasonic,ERA-3AEB8452V
953 0.1%,R20,Resistor_SMD:R_0603_1608Metric,C861604,Yageo,RT0603BRD07953RL
MBR1H100SFT3G,D2,Diode_SMD:D_SOD-123F,C604266,onsemi,NRVB1H100SFT3G
TPS259824ONRGER,U2,UMI_D2:TI_RGE0024M_TPS25982,C2155766,Texas Instruments,TPS259824ONRGER
100k 0.1%,R22,Resistor_SMD:R_0603_1608Metric,C122538,Yageo,RT0603BRD07100KL
13.7k 0.1%,R23,Resistor_SMD:R_0603_1608Metric,C861119,Yageo,RT0603BRD0713K7L
182 0.1%,R24,Resistor_SMD:R_0603_1608Metric,C705731,Yageo,RT0603BRD07182RL
511 0.1%,R25,Resistor_SMD:R_0603_1608Metric,C861455,Yageo,RT0603BRD07511RL
1uF 50V X7R,C21,Capacitor_SMD:C_0805_2012Metric,C77083,Murata,GRM21BR71H105KA12L
100nF 50V,C22,Capacitor_SMD:C_0603_1608Metric,C77055,Murata,GRM188R71H104KA93D
6.8nF 50V C0G,C23,Capacitor_SMD:C_0603_1608Metric,C162241,Murata,GRM1885C1H682JA01D
SMBJ15A,D3,Diode_SMD:D_SMB,C83846,Littelfuse,SMBJ15A
SS10P4-M3/86A,D4,Package_TO_SOT_SMD:TO-277A,C968538,Vishay,SS10P4-M3/86A
