Designator,Mid X,Mid Y,Layer,Rotation
C1,31.600000,38.250000,Top,180.0
C2,44.400000,38.250000,Top,0.0
C3,33.200000,28.500000,Top,180.0
C4,18.000000,28.000000,Top,0.0
C5,61.000000,28.000000,Top,0.0
C6,20.500000,16.500000,Top,0.0
C7,63.500000,16.500000,Top,0.0
C8,37.000000,12.000000,Top,0.0
C9,38.000000,28.500000,Top,0.0
C10,42.800000,28.500000,Top,0.0
C11,29.200000,29.500000,Top,0.0
C12,62.000000,43.000000,Top,0.0
C13,34.000000,23.000000,Top,0.0
C14,40.000000,23.000000,Top,0.0
D1,22.000000,37.000000,Top,0.0
Q1,22.000000,43.000000,Top,0.0
R1,32.500000,32.500000,Top,180.0
R2,23.000000,24.000000,Top,0.0
R3,66.000000,24.000000,Top,0.0
R4,23.000000,28.000000,Top,0.0
R5,66.000000,28.000000,Top,0.0
R6,27.000000,37.000000,Top,0.0
R7,32.500000,35.000000,Top,0.0
R8,44.000000,33.500000,Top,0.0
R9,44.000000,31.200000,Top,0.0
U1,38.000000,35.000000,Top,0.0
U2,18.000000,24.000000,Top,0.0
U3,61.000000,24.000000,Top,0.0
U4,37.000000,16.000000,Top,0.0
U5,15.500000,16.500000,Top,0.0
U6,58.500000,16.500000,Top,0.0
