Ref,Val,Package,PosX,PosY,Rot,Side
"C1","10uF 50V X7R","C_1210_3225Metric_R180",31.600000,38.250000,0.000000,top
"C2","10uF 50V X7R","C_1210_3225Metric",44.400000,38.250000,0.000000,top
"C3","47uF 10V X7R","C_1210_3225Metric_R180",33.200000,28.500000,0.000000,top
"C4","100nF 25V","C_0603_1608Metric",18.000000,28.000000,0.000000,top
"C5","100nF 25V","C_0603_1608Metric",61.000000,28.000000,0.000000,top
"C6","22uF 10V","C_1206_3216Metric",20.500000,16.500000,0.000000,top
"C7","22uF 10V","C_1206_3216Metric",63.500000,16.500000,0.000000,top
"C8","100nF 25V","C_0603_1608Metric",37.000000,12.000000,0.000000,top
"C9","47uF 10V X7R","C_1210_3225Metric",38.000000,28.500000,0.000000,top
"C10","47uF 10V X7R","C_1210_3225Metric",42.800000,28.500000,0.000000,top
"C11","100nF 25V","C_0603_1608Metric",29.200000,29.500000,0.000000,top
"C12","47uF 25V bulk","CP_Elec_6.3x5.8",62.000000,43.000000,0.000000,top
"C13","47uF 10V X7R","C_1210_3225Metric",34.000000,23.000000,0.000000,top
"C14","47uF 10V X7R","C_1210_3225Metric",40.000000,23.000000,0.000000,top
"D1","12V gate clamp","D_SOD-123",22.000000,37.000000,0.000000,top
"Q1","AO4407A","SOIC-8_3.9x4.9mm_P1.27mm",22.000000,43.000000,0.000000,top
"R1","24.9k 0.1%","R_0603_1608Metric_R180",32.500000,32.500000,0.000000,top
"R2","32.4k 0.1%","R_0603_1608Metric",23.000000,24.000000,0.000000,top
"R3","32.4k 0.1%","R_0603_1608Metric",66.000000,24.000000,0.000000,top
"R4","100k","R_0603_1608Metric",23.000000,28.000000,0.000000,top
"R5","100k","R_0603_1608Metric",66.000000,28.000000,0.000000,top
"R6","100k","R_0603_1608Metric",27.000000,37.000000,0.000000,top
"R7","102k 0.1%","R_0603_1608Metric",32.500000,35.000000,0.000000,top
"R8","15.8k 1%","R_0603_1608Metric",44.000000,33.500000,0.000000,top
"R9","100k","R_0603_1608Metric",44.000000,31.200000,0.000000,top
"U1","TPSM63610RDFR","TI_RDF0022A_TPSM63610",38.000000,35.000000,0.000000,top
"U2","TPS2557DRB","VSON-8-1EP_3x3mm_P0.65mm_EP1.65x2.4mm",18.000000,24.000000,0.000000,top
"U3","TPS2557DRB","VSON-8-1EP_3x3mm_P0.65mm_EP1.65x2.4mm",61.000000,24.000000,0.000000,top
"U4","TPS2513ADBVR","SOT-23-6",37.000000,16.000000,0.000000,top
"U5","USBLC6-2SC6","SOT-23-6",15.500000,16.500000,0.000000,top
"U6","USBLC6-2SC6","SOT-23-6",58.500000,16.500000,0.000000,top
