KiCad X mm,KiCad Y mm,Plot X mm,Plot Y mm,Hole mm,Treatment,UUID
80.04,49.5,16.04,60.5,0.4,Epoxy filled and copper capped,185ce832-b31d-5cbd-b1e6-7772da6d23e4
149.389,48.084,85.389,61.916,0.635,Ordinary plated via; do not fill/cap,3579963f-78b0-539c-87cf-163ce7b0c073
88.0,60.0,24.0,50.0,0.35,Epoxy filled and copper capped,36511814-321b-525e-9e22-42d1aa2e0944
129.330999,64.102002,65.330999,45.897998,0.254,Epoxy filled and copper capped,43bc7f10-7994-5b60-8514-b7c27d60b4fe
130.330999,65.102,66.330999,44.898,0.254,Epoxy filled and copper capped,45bfc4ca-efdd-530a-b04a-a414222d2000
77.96,49.5,13.96,60.5,0.4,Epoxy filled and copper capped,4919c850-3610-5eb3-ac36-f384cd702ceb
131.330999,64.102002,67.330999,45.897998,0.254,Epoxy filled and copper capped,4e2d5c46-ae0f-51cc-b3c1-d6e834f384e4
75.0,49.0,11.0,61.0,0.35,Epoxy filled and copper capped,5edb4d8f-2988-5751-b223-ea1b8ccd0565
76.25,60.2,12.25,49.8,0.35,Epoxy filled and copper capped,60e884db-ccdf-5e21-828e-16feece50997
152.564,48.084,88.564,61.916,0.635,Ordinary plated via; do not fill/cap,6312eecb-c30d-5e21-902c-9115aaf4c0aa
81.825,66.2,17.825,43.8,0.35,Epoxy filled and copper capped,643a4070-5fef-5e19-81c3-0a09f74bf5ea
129.330999,66.102001,65.330999,43.897999,0.254,Epoxy filled and copper capped,6629cf39-207b-5c1b-b85d-6aebcd45fa31
131.330999,66.102001,67.330999,43.897999,0.254,Epoxy filled and copper capped,6942d895-f0c6-50de-956b-c0fc5d7bb4d4
138.594,56.593,74.594,53.407,0.254,Epoxy filled and copper capped,6eb7ff62-914e-510f-9122-196a0e018767
134.403,73.611,70.403,36.389,0.254,Epoxy filled and copper capped,77f7a65e-e6bb-5201-ae66-a26b9513406f
130.330999,64.102002,66.330999,45.897998,0.254,Epoxy filled and copper capped,7812485f-0bb8-527f-ac82-14704008e5f7
128.330998,64.102002,64.330998,45.897998,0.254,Epoxy filled and copper capped,7bc3a7f9-5382-54a2-8274-c58744330e3a
106.59,51.259,42.59,58.741,0.635,Ordinary plated via; do not fill/cap,88043733-1ba3-54a1-8adb-b9e2fecbd2bf
76.825,66.2,12.825,43.8,0.35,Epoxy filled and copper capped,8fb2621f-267b-5f39-917f-f3bbc5e2983f
130.330999,66.102001,66.330999,43.897999,0.254,Epoxy filled and copper capped,947b2bc8-cc53-5132-b7b4-4da3b2622cf2
75.0,52.0,11.0,58.0,0.35,Epoxy filled and copper capped,95ba7c17-48f8-5b39-8f84-dbcde0a0f7b1
146.341,48.084,82.341,61.916,0.635,Ordinary plated via; do not fill/cap,9fd5c67e-e412-5935-931a-05d0183ae430
142.15,19.89,78.15,90.11,0.635,Ordinary plated via; do not fill/cap,a45828c5-ea4f-550d-a118-082117b2b4c1
76.5,70.0,12.5,40.0,0.4,Epoxy filled and copper capped,a4a98f83-be2c-5524-b563-87b9a0a349d2
100.24,53.0,36.24,57.0,0.4,Epoxy filled and copper capped,a823dc0f-ffc6-5043-88bc-803e32f4caea
137.197,73.611,73.197,36.389,0.254,Epoxy filled and copper capped,a8a30f2a-fe5a-5878-8abe-eab9685a696a
131.330999,65.102,67.330999,44.898,0.254,Epoxy filled and copper capped,b5758fc3-4909-5e09-8919-90a21b854435
131.99,19.89,67.99,90.11,0.635,Ordinary plated via; do not fill/cap,b77939b8-742d-5aa8-9bd4-200da866d9b1
103.288,51.259,39.288,58.741,0.635,Ordinary plated via; do not fill/cap,badbef27-ae4e-5d5e-bfd8-15110ad2642d
94.5,49.64,30.5,60.36,0.4,Epoxy filled and copper capped,c9fe6f0c-593b-5e14-80f5-c0bde02f446e
100.24,51.259,36.24,58.741,0.635,Ordinary plated via; do not fill/cap,d5b32305-f87e-5b9e-aba4-5d95ab3d7219
128.330998,65.102,64.330998,44.898,0.254,Epoxy filled and copper capped,d6f4d6e9-bfbc-5450-a9bd-f41cd46340e9
128.330998,66.102001,64.330998,43.897999,0.254,Epoxy filled and copper capped,e0228d3e-b4cd-51e6-996d-3ffc716519ea
137.07,19.89,73.07,90.11,0.635,Ordinary plated via; do not fill/cap,f41e0f9c-7ccb-5448-9ade-293d8773a642
129.330999,65.102,65.330999,44.898,0.254,Epoxy filled and copper capped,fbe8de56-d166-5e80-8e4f-9a981eeac53a
142.912,48.084,78.912,61.916,0.635,Ordinary plated via; do not fill/cap,ffeebd56-d1bb-5725-a1ae-27bc091f161d
127.164,58.498,63.164,51.502,0.254,Epoxy filled and copper capped,08cee71e-576f-555b-b0ef-3f37aa1fda36
135.292,45.29,71.292,64.71,0.254,Epoxy filled and copper capped,2a2ae523-697a-5203-9ca1-14a92bc9ef5f
125.64,45.29,61.64,64.71,0.254,Epoxy filled and copper capped,7d144a84-0637-5ea3-befe-cf5583118e4e
146.214,41.861,82.214,68.139,0.635,Ordinary plated via; do not fill/cap,1d955330-1f9e-5932-8fba-dafe7eed4077
142.912,41.861,78.912,68.139,0.635,Ordinary plated via; do not fill/cap,8727c2ed-6a22-5e7b-b070-564c94acc3e3
149.389,41.861,85.389,68.139,0.635,Ordinary plated via; do not fill/cap,a20fc779-2046-590c-ac78-28c9023f927c
126.91,60.911,62.91,49.089,0.254,Epoxy filled and copper capped,797ca16b-54dd-57c9-a265-df418ba96d2b
126.91,45.297671,62.91,64.702329,0.254,Epoxy filled and copper capped,d6aabc0a-9f0c-5139-88be-52b66aa71ee6
131.609,70.4,67.609,39.6,0.35,Epoxy filled and copper capped,0efcef02-bf38-5851-a4d6-e126643b2050
82.5,62.3,18.5,47.7,0.35,Epoxy filled and copper capped,45ffef7a-cba8-5fbd-bd95-ffa2d8d8c350
76.4,58.75,12.4,51.25,0.35,Epoxy filled and copper capped,1ef9702b-d12b-564b-bb3f-12217e69cea9
73.5,54.5,9.5,55.5,0.4,Epoxy filled and copper capped,356e3124-820d-51b5-a8cc-4b0cbd0c9a22
67.5,70.0,3.5,40.0,0.4,Epoxy filled and copper capped,df5cc98a-6dfa-59da-9c77-9177ac4b9780
130.217512,73.561501,66.217512,36.438499,0.254,Epoxy filled and copper capped,1423b227-0a72-5155-b6d6-bbb7cfb58c44
126.915512,74.831501,62.915512,35.168499,0.254,Epoxy filled and copper capped,88292ba2-2624-517c-8ef8-9c042294b7c1
100.621,42.75,36.621,67.25,0.254,Epoxy filled and copper capped,933fdec9-c317-5e4c-8976-f9e0094242dd
86.778,40.94,22.778,69.06,0.4,Epoxy filled and copper capped,949b6537-7920-52e5-888a-7083fb6de821
100.621,40.718,36.621,69.282,0.254,Epoxy filled and copper capped,6586e46f-bb04-5731-bccd-b11fb9fd20ee
125.518512,74.831501,61.518512,35.168499,0.254,Epoxy filled and copper capped,c1b171ff-e3a9-57e2-aa4f-1377f03bd058
132.371,57.101,68.371,52.899,0.254,Epoxy filled and copper capped,40b38737-f442-53c4-a24f-17f403059a67
127.291,57.355,63.291,52.645,0.254,Epoxy filled and copper capped,c6c86b5a-33b1-50f5-bf5e-fe90afa94300
129.455512,60.988501,65.455512,49.011499,0.254,Epoxy filled and copper capped,18ccde5f-50b6-549f-964b-a37a84a471b2
138.594,55.196,74.594,54.804,0.254,Epoxy filled and copper capped,5c8579ef-adf8-5500-81b3-074935e9211f
129.45,54.18,65.45,55.82,0.254,Epoxy filled and copper capped,aa3be300-cc7f-588d-b817-2ce835791705
