board,refs,qty_per_pair,mpn,manufacturer,value,assembly,jlc_code,current_stock,status,checked_utc,source_url,proposed_alternative,required_10_pairs,purchase_quantity,purchase_supplier,purchase_stock,purchase_url,purchase_basis
MAIN_POWER,J1,1,1709681,Phoenix Contact,12V PSU INPUT,MANUAL_THT,C5872886,0,Exact loose part in stock; user-fit,2026-09-26,https://jlcpcb.com/partdetail/C5872886,D6 exact MPN retained. Purchase separately as loose parts from the listed supplier; omit from JLC SMT assembly.,10,12,DigiKey,78,https://www.digikey.com/en/products/detail/phoenix-contact/1709681/2511044,"20 percent spares, rounded to supplier order multiple; combined across all board rows for this MPN; quantity shown only on first occurrence."
MAIN_POWER,"F1,F2,F3,F4,F5",5,178.6165.0002,Littelfuse,ATO/FKS fuse holder; insert separate,MANUAL_THT,C207061,617,Exact loose part in stock; user-fit,2026-09-26,https://jlcpcb.com/partdetail/C207061,D6 exact MPN retained. Purchase separately as loose parts from the listed supplier; omit from JLC SMT assembly.,50,72,LCSC,617,https://www.lcsc.com/product-detail/Fuse-Holders_Littelfuse-178-6165-0002_C207061.html,"20 percent spares, rounded to supplier order multiple; combined across all board rows for this MPN; quantity shown only on first occurrence."
MAIN_POWER,"J2,J3,J4,J5,J6",5,B2P-VH(LF)(SN),JST,2-pin 12 V header,MANUAL_THT,C160315,318370,Exact loose part in stock; user-fit,2026-09-26,https://jlcpcb.com/partdetail/C160315,D6 exact MPN retained. Purchase separately as loose parts from the listed supplier; omit from JLC SMT assembly.,50,90,LCSC,296150,https://www.lcsc.com/product-detail/C160315.html,"20 percent spares, rounded to supplier order multiple; combined across all board rows for this MPN; quantity shown only on first occurrence."
POE_POWER,J1,1,B2P-VH(LF)(SN),JST,2-pin 12 V header,MANUAL_THT,C160315,318370,Exact loose part in stock; user-fit,2026-09-26,https://jlcpcb.com/partdetail/C160315,D6 exact MPN retained. Purchase separately as loose parts from the listed supplier; omit from JLC SMT assembly.,10,0,LCSC,296150,https://www.lcsc.com/product-detail/C160315.html,Included in first occurrence of this MPN; do not purchase twice.
POE_POWER,F6,1,178.6165.0002,Littelfuse,ATO/FKS fuse holder; insert separate,MANUAL_THT,C207061,617,Exact loose part in stock; user-fit,2026-09-26,https://jlcpcb.com/partdetail/C207061,D6 exact MPN retained. Purchase separately as loose parts from the listed supplier; omit from JLC SMT assembly.,10,0,LCSC,617,https://www.lcsc.com/product-detail/Fuse-Holders_Littelfuse-178-6165-0002_C207061.html,Included in first occurrence of this MPN; do not purchase twice.
POE_POWER,J6,1,B3P-VH(LF)(SN),JST,SWITCH 53.5V 1.31A,MANUAL_THT,C160316,160039,Exact loose part in stock; user-fit,2026-09-26,https://jlcpcb.com/partdetail/C160316,D6 exact MPN retained. Purchase separately as loose parts from the listed supplier; omit from JLC SMT assembly.,10,15,LCSC,31215,https://www.lcsc.com/product-detail/C160316.html,"20 percent spares, rounded to supplier order multiple; combined across all board rows for this MPN; quantity shown only on first occurrence."
POE_POWER,U1,1,LM5122MHX/NOPB,Texas Instruments,LM5122MHX/NOPB,SMT,C77241,13966,In stock (Extended),2026-09-26,https://jlcpcb.com/partdetail/C77241," JLC stock is the dated observation, not reserved inventory.",10,10,JLCPCB SMT assembly,13966,https://jlcpcb.com/partdetail/C77241,"Conservative planning: max(10 installed, 0 minimum)+0 attrition. Exact order-page quantity controls."
POE_POWER,L1,1,SER2915H-103KL,Coilcraft,10uH,SMT,C19276042,17,In stock (Extended); low stock,2026-09-26,https://jlcpcb.com/partdetail/C19276042,"Retained exact magnetics. Ten installed; current catalogue minimum/attrition fields0/0. Observed17. Include required assembly fixture in quote. JLC stock is the dated observation, not reserved inventory.",10,10,JLCPCB SMT assembly,17,https://jlcpcb.com/partdetail/C19276042,"Conservative planning: max(10 installed, 0 minimum)+0 attrition. Exact order-page quantity controls."
POE_POWER,L2,1,XAL4020-102MEC,Coilcraft,1uH,SMT,C4555951,9145,In stock,2026-09-26,https://jlcpcb.com/partdetail/C4555951,"Applied D4: Manufacturer packaging suffix change JLC stock is the dated observation, not reserved inventory.",10,30,JLCPCB SMT assembly,9145,https://jlcpcb.com/partdetail/C4555951,Conservative placeholder allowance; part-specific attrition/minimum must be resolved by JLC BOM matching.
POE_POWER,"Q1,Q2,Q3",3,BSC040N08NS5,Infineon Technologies,BSC040N08NS5,SMT,C534333,6718,In stock,2026-09-26,https://jlcpcb.com/partdetail/C534333,"Applied D4: Same80Vpinout; driverchargebudget reviewed; prototype ringing/thermal test required JLC stock is the dated observation, not reserved inventory.",30,30,JLCPCB SMT assembly,6718,https://jlcpcb.com/partdetail/C534333,"Conservative planning: max(30 installed, 0 minimum)+0 attrition. Exact order-page quantity controls."
POE_POWER,C1,1,C0805C471J1GACTU,KEMET,470pF 100V,SMT,C23481145,15,In stock,2026-09-26,https://jlcpcb.com/partdetail/C23481145,"Retained 100 V C0G 470 pF 5% snubber capacitor. Ten installed plus four reported attrition requires14; observed15 leavesone. Reserve/match at order, stock not guaranteed. JLC stock is the dated observation, not reserved inventory.",10,14,JLCPCB SMT assembly,15,https://jlcpcb.com/partdetail/C23481145,"Conservative planning: max(10 installed, 5 minimum)+4 attrition. Exact order-page quantity controls."
POE_POWER,"C2,C3,C4,C5,C6,C7,C8",7,GRM32ER71K475KE14L,Murata,4.7uF 80V,SMT,C711060,1941,In stock (Extended),2026-09-26T08:44:22.452123+00:00,https://jlcpcb.com/partdetail/C711060," JLC stock is the dated observation, not reserved inventory.",70,70,JLCPCB SMT assembly,1941,https://jlcpcb.com/partdetail/C711060,"Conservative planning: max(70 installed, 2 minimum)+0 attrition. Exact order-page quantity controls."
POE_POWER,"C9,C16",2,GRM188R71E104KA01D,Murata,100nF 25V,SMT,C77050,161914,In stock (Extended),2026-09-26T08:44:22.612045+00:00,https://jlcpcb.com/partdetail/C77050," JLC stock is the dated observation, not reserved inventory.",20,30,JLCPCB SMT assembly,161914,https://jlcpcb.com/partdetail/C77050,Conservative placeholder allowance; part-specific attrition/minimum must be resolved by JLC BOM matching.
POE_POWER,"C10,C13",2,GRM1885C1H101JA01D,Murata,100pF 50V,SMT,C71664,171060,In stock (Extended),2026-09-26,https://jlcpcb.com/partdetail/C71664," JLC stock is the dated observation, not reserved inventory.",20,30,JLCPCB SMT assembly,171060,https://jlcpcb.com/partdetail/C71664,"Conservative planning: max(20 installed, 20 minimum)+10 attrition. Exact order-page quantity controls."
POE_POWER,C11,1,GCM188R71C105KA64D,Murata,1uF 16V,SMT,C161212,57409,In stock (Extended),2026-09-26T08:44:22.570853+00:00,https://jlcpcb.com/partdetail/C161212," JLC stock is the dated observation, not reserved inventory.",10,30,JLCPCB SMT assembly,57409,https://jlcpcb.com/partdetail/C161212,Conservative placeholder allowance; part-specific attrition/minimum must be resolved by JLC BOM matching.
POE_POWER,C14,1,CC0603KRX7R9BB473,Yageo,47nF 50V,SMT,C107093,1574400,In stock,2026-09-26,https://jlcpcb.com/partdetail/C107093,"Applied D4: Same47nFX7R10%0603; higher50Vrating JLC stock is the dated observation, not reserved inventory.",10,30,JLCPCB SMT assembly,1574400,https://jlcpcb.com/partdetail/C107093,Conservative placeholder allowance; part-specific attrition/minimum must be resolved by JLC BOM matching.
POE_POWER,C15,1,GRM21BR72A474KA73L,Murata,470nF 100V,SMT,C97926,12424,In stock (Extended),2026-09-26T08:53:01.144232+00:00,https://jlcpcb.com/partdetail/C97926,"CC0805KKX7R0BB474 C596323; stock unverified; 470nF100VX7R10%0805; IC_VIN decoupling around12V, compareDCbias effectivecapacitance.; https://jlcpcb.com/partdetail/C596323 | 08051C474KAT2A C597304; stock unverified; 470nF100VX7R10%0805; compareDCbias at12V and footprint height.; https://jlcpcb.com/partdetail/C597304 JLC stock is the dated observation, not reserved inventory.",10,30,JLCPCB SMT assembly,12424,https://jlcpcb.com/partdetail/C97926,Conservative placeholder allowance; part-specific attrition/minimum must be resolved by JLC BOM matching.
POE_POWER,C17,1,GRM1885C1H152JA01D,Murata,1500pF 50V,SMT,C162204,26554,In stock (Extended),2026-09-26T08:44:22.622557+00:00,https://jlcpcb.com/partdetail/C162204," JLC stock is the dated observation, not reserved inventory.",10,30,JLCPCB SMT assembly,26554,https://jlcpcb.com/partdetail/C162204,"Conservative planning: max(10 installed, 20 minimum)+10 attrition. Exact order-page quantity controls."
POE_POWER,C18,1,CC0603KRX7R9BB153,Yageo,15nF 50V,SMT,C107076,403038,In stock,2026-09-26,https://jlcpcb.com/partdetail/C107076,"Applied D4: Same15nF50VX7R10%0603 JLC stock is the dated observation, not reserved inventory.",10,30,JLCPCB SMT assembly,403038,https://jlcpcb.com/partdetail/C107076,"Conservative planning: max(10 installed, 20 minimum)+10 attrition. Exact order-page quantity controls."
POE_POWER,"C19,C20",2,EEE-FK1K470P,Panasonic,47uF 80V,SMT,C178556,259,In stock (Extended),2026-09-26,https://jlcpcb.com/partdetail/C178556," JLC stock is the dated observation, not reserved inventory.",20,20,JLCPCB SMT assembly,259,https://jlcpcb.com/partdetail/C178556,"Conservative planning: max(20 installed, 2 minimum)+0 attrition. Exact order-page quantity controls."
POE_POWER,R1,1,RC2010JK-077R5L,Yageo,7.5,SMT,C4169838,220,In stock; prototype snubber substitute,2026-09-26,https://jlcpcb.com/partdetail/C4169838,"D6: same 7.5 ohm, 5%, 0.75 W, 2010 geometry. About 0.30 W estimated snubber dissipation; measured pulse/thermal qualification still required. Replaces preorder Panasonic part. JLC stock is the dated observation, not reserved inventory.",10,30,JLCPCB SMT assembly,220,https://jlcpcb.com/partdetail/C4169838,Ten fitted plus twenty planning allowance; confirm exact JLC minimum and attrition at matching.
POE_POWER,R2,1,MA251230FR004MZ,Ever Ohms Tech,4m 1%,SMT,C252682,2724,In stock,2026-09-26,https://jlcpcb.com/partdetail/C252682,"Applied D4: 4mOhm1%; new manufacturer-recommended land required JLC stock is the dated observation, not reserved inventory.",10,12,JLCPCB SMT assembly,2724,https://jlcpcb.com/partdetail/C252682,"Conservative planning: max(10 installed, 5 minimum)+2 attrition. Exact order-page quantity controls."
POE_POWER,"R3,R4",2,ESR03EZPJ101,ROHM,100,SMT,C253328,12799,In stock (Extended),2026-09-26T08:44:23.199833+00:00,https://jlcpcb.com/partdetail/C253328," JLC stock is the dated observation, not reserved inventory.",20,30,JLCPCB SMT assembly,12799,https://jlcpcb.com/partdetail/C253328,"Conservative planning: max(20 installed, 20 minimum)+10 attrition. Exact order-page quantity controls."
POE_POWER,"R5,R21,R8,R12",4,ERJ-3GEY0R00V,Panasonic,0,SMT,C122704,365980,In stock (Extended),2026-09-26T08:45:45.208143+00:00,https://jlcpcb.com/partdetail/C122704," JLC stock is the dated observation, not reserved inventory.",40,50,JLCPCB SMT assembly,365980,https://jlcpcb.com/partdetail/C122704,"Conservative planning: max(40 installed, 20 minimum)+10 attrition. Exact order-page quantity controls."
POE_POWER,R10,1,CRCW060349K9FKEA,Vishay,49.9k,SMT,C844789,4823,In stock (Extended),2026-09-26T08:44:23.908301+00:00,https://jlcpcb.com/partdetail/C844789," JLC stock is the dated observation, not reserved inventory.",10,30,JLCPCB SMT assembly,4823,https://jlcpcb.com/partdetail/C844789,"Conservative planning: max(10 installed, 20 minimum)+10 attrition. Exact order-page quantity controls."
POE_POWER,R11,1,RC0603FR-073R3L,Yageo,3.3 1%,SMT,C137725,159032,In stock,2026-09-26,https://jlcpcb.com/partdetail/C137725,"Applied D4: Same3.3ohm0603100mW; toleranceimproved1% JLC stock is the dated observation, not reserved inventory.",10,30,JLCPCB SMT assembly,159032,https://jlcpcb.com/partdetail/C137725,"Conservative planning: max(10 installed, 20 minimum)+10 attrition. Exact order-page quantity controls."
POE_POWER,R13,1,RC0603FR-078K45L,Yageo,8.45k,SMT,C163417,529,In stock,2026-09-26,https://jlcpcb.com/partdetail/C163417,"Applied D4: Same8.45k1%0603100mW JLC stock is the dated observation, not reserved inventory.",10,30,JLCPCB SMT assembly,529,https://jlcpcb.com/partdetail/C163417,"Conservative planning: max(10 installed, 20 minimum)+10 attrition. Exact order-page quantity controls."
POE_POWER,R14,1,CRCW060330K0JNEA,Vishay,30k,SMT,C2076641,3633,In stock (Extended),2026-09-26T08:44:24.342571+00:00,https://jlcpcb.com/partdetail/C2076641," JLC stock is the dated observation, not reserved inventory.",10,26,JLCPCB SMT assembly,3633,https://jlcpcb.com/partdetail/C2076641,"Conservative planning: max(10 installed, 20 minimum)+6 attrition. Exact order-page quantity controls."
POE_POWER,R16,1,CRCW060340K2FKEA,Vishay,40.2k,SMT,C844784,5321,In stock (Extended),2026-09-26T08:44:24.338979+00:00,https://jlcpcb.com/partdetail/C844784," JLC stock is the dated observation, not reserved inventory.",10,26,JLCPCB SMT assembly,5321,https://jlcpcb.com/partdetail/C844784,"Conservative planning: max(10 installed, 20 minimum)+6 attrition. Exact order-page quantity controls."
POE_POWER,R17,1,CRCW060320K5FKEA,Vishay,20.5k,SMT,C844143,155,In stock (Extended),2026-09-26T08:53:01.144232+00:00,https://jlcpcb.com/partdetail/C844143,"0603WAF2052T5E C22910; stock 38124; 20.5k 1%100mW75V0603; same value/tolerance/power, verify resistor pulse/environment spec.; https://jlcpcb.com/partdetail/C22910 JLC stock is the dated observation, not reserved inventory.",10,30,JLCPCB SMT assembly,155,https://jlcpcb.com/partdetail/C844143,Conservative placeholder allowance; part-specific attrition/minimum must be resolved by JLC BOM matching.
POE_POWER,R18,1,RT0603BRD071K96L,Yageo,1.96k 0.1%,SMT,C861213,2298,In stock (Extended),2026-09-26T08:44:23.582738+00:00,https://jlcpcb.com/partdetail/C861213," JLC stock is the dated observation, not reserved inventory.",10,28,JLCPCB SMT assembly,2298,https://jlcpcb.com/partdetail/C861213,"Conservative planning: max(10 installed, 20 minimum)+8 attrition. Exact order-page quantity controls."
POE_POWER,R19,1,ERA-3AEB8452V,Panasonic,84.5k 0.1%,SMT,C4295220,694,In stock,2026-09-26,https://jlcpcb.com/partdetail/C4295220,"Applied D4: Same84.5k0.1%25ppm0603 JLC stock is the dated observation, not reserved inventory.",10,14,JLCPCB SMT assembly,694,https://jlcpcb.com/partdetail/C4295220,"Conservative planning: max(10 installed, 5 minimum)+4 attrition. Exact order-page quantity controls."
POE_POWER,R20,1,RT0603BRD07953RL,Yageo,953 0.1%,SMT,C861604,903,In stock,2026-09-26,https://jlcpcb.com/partdetail/C861604,"Applied D4: Explicit value revision931to953ohm; nominal53.518163V static52.879495-54.159133V, excluding ripple/transients JLC stock is the dated observation, not reserved inventory.",10,30,JLCPCB SMT assembly,903,https://jlcpcb.com/partdetail/C861604,Conservative placeholder allowance; part-specific attrition/minimum must be resolved by JLC BOM matching.
POE_POWER,D2,1,NRVB1H100SFT3G,onsemi,MBR1H100SFT3G,SMT,C604266,211,In stock,2026-09-26,https://jlcpcb.com/partdetail/C604266,"Applied D4: Same family/pinout; automotivequalified variant JLC stock is the dated observation, not reserved inventory.",10,10,JLCPCB SMT assembly,211,https://jlcpcb.com/partdetail/C604266,"Conservative planning: max(10 installed, 5 minimum)+0 attrition. Exact order-page quantity controls."
POE_POWER,U2,1,TPS259824ONRGER,Texas Instruments,TPS259824ONRGER,SMT,C2155766,1926,In stock (Extended),2026-09-26,https://jlcpcb.com/partdetail/C2155766," JLC stock is the dated observation, not reserved inventory.",10,10,JLCPCB SMT assembly,1926,https://jlcpcb.com/partdetail/C2155766,"Conservative planning: max(10 installed, 0 minimum)+0 attrition. Exact order-page quantity controls."
POE_POWER,R22,1,RT0603BRD07100KL,Yageo,100k 0.1%,SMT,C122538,1241622,In stock (Extended),2026-09-26T08:44:23.914618+00:00,https://jlcpcb.com/partdetail/C122538," JLC stock is the dated observation, not reserved inventory.",10,28,JLCPCB SMT assembly,1241622,https://jlcpcb.com/partdetail/C122538,"Conservative planning: max(10 installed, 20 minimum)+8 attrition. Exact order-page quantity controls."
POE_POWER,R23,1,RT0603BRD0713K7L,Yageo,13.7k 0.1%,SMT,C861119,1868,In stock (Extended),2026-09-26T08:44:23.715502+00:00,https://jlcpcb.com/partdetail/C861119," JLC stock is the dated observation, not reserved inventory.",10,28,JLCPCB SMT assembly,1868,https://jlcpcb.com/partdetail/C861119,"Conservative planning: max(10 installed, 20 minimum)+8 attrition. Exact order-page quantity controls."
POE_POWER,R24,1,RT0603BRD07182RL,Yageo,182 0.1%,SMT,C705731,2535,In stock (Extended),2026-09-26T08:44:23.675261+00:00,https://jlcpcb.com/partdetail/C705731," JLC stock is the dated observation, not reserved inventory.",10,30,JLCPCB SMT assembly,2535,https://jlcpcb.com/partdetail/C705731,Conservative placeholder allowance; part-specific attrition/minimum must be resolved by JLC BOM matching.
POE_POWER,R25,1,RT0603BRD07511RL,Yageo,511 0.1%,SMT,C861455,678,In stock (Extended),2026-09-26T08:53:01.144232+00:00,https://jlcpcb.com/partdetail/C861455,"ERA-3AEB5110V C2075538; stock 0; 511ohm0.1%25ppm100mW0603; same nominal specification; exact datasheet/package verify.; https://jlcpcb.com/partdetail/C2075538 | RQ73C1J511RBTD C3959727; stock 0; 511ohm0.1%10ppm150mW0603; alternative pending manufacturer verification.; https://jlcpcb.com/partdetail/C3959727 JLC stock is the dated observation, not reserved inventory.",10,28,JLCPCB SMT assembly,678,https://jlcpcb.com/partdetail/C861455,"Conservative planning: max(10 installed, 20 minimum)+8 attrition. Exact order-page quantity controls."
POE_POWER,C21,1,GRM21BR71H105KA12L,Murata,1uF 50V X7R,SMT,C77083,122926,In stock (Extended),2026-09-26T08:44:23.154047+00:00,https://jlcpcb.com/partdetail/C77083," JLC stock is the dated observation, not reserved inventory.",10,14,JLCPCB SMT assembly,122926,https://jlcpcb.com/partdetail/C77083,"Conservative planning: max(10 installed, 5 minimum)+4 attrition. Exact order-page quantity controls."
POE_POWER,C22,1,GRM188R71H104KA93D,Murata,100nF 50V,SMT,C77055,1386623,In stock (Extended),2026-09-26T08:44:23.169046+00:00,https://jlcpcb.com/partdetail/C77055," JLC stock is the dated observation, not reserved inventory.",10,26,JLCPCB SMT assembly,1386623,https://jlcpcb.com/partdetail/C77055,"Conservative planning: max(10 installed, 20 minimum)+6 attrition. Exact order-page quantity controls."
POE_POWER,C23,1,GRM1885C1H682JA01D,Murata,6.8nF 50V C0G,SMT,C162241,110602,In stock (Extended),2026-09-26T08:44:23.191834+00:00,https://jlcpcb.com/partdetail/C162241," JLC stock is the dated observation, not reserved inventory.",10,28,JLCPCB SMT assembly,110602,https://jlcpcb.com/partdetail/C162241,"Conservative planning: max(10 installed, 20 minimum)+8 attrition. Exact order-page quantity controls."
POE_POWER,D3,1,SMBJ15A,Littelfuse,SMBJ15A,SMT,C83846,12782,In stock (Extended),2026-09-26,https://jlcpcb.com/partdetail/C83846," JLC stock is the dated observation, not reserved inventory.",10,12,JLCPCB SMT assembly,12782,https://jlcpcb.com/partdetail/C83846,"Conservative planning: max(10 installed, 5 minimum)+2 attrition. Exact order-page quantity controls."
POE_POWER,D4,1,SS10P4-M3/86A,Vishay,SS10P4-M3/86A,SMT,C968538,7260,In stock (Extended),2026-09-26,https://jlcpcb.com/partdetail/C968538," JLC stock is the dated observation, not reserved inventory.",10,10,JLCPCB SMT assembly,7260,https://jlcpcb.com/partdetail/C968538,"Conservative planning: max(10 installed, 2 minimum)+0 attrition. Exact order-page quantity controls."
USB_POWER,J1,1,B2P-VH(LF)(SN),JST,2-pin 12 V header,MANUAL_THT,C160315,318370,Exact loose part in stock; user-fit,2026-09-26,https://jlcpcb.com/partdetail/C160315,D6 exact MPN retained. Purchase separately as loose parts from the listed supplier; omit from JLC SMT assembly.,10,0,LCSC,296150,https://www.lcsc.com/product-detail/C160315.html,Included in first occurrence of this MPN; do not purchase twice.
USB_POWER,Q1,1,AO4407A,Alpha & Omega Semiconductor,AO4407A,SMT,C16072,24090,In stock (Extended),2026-09-26T08:44:46.425789+00:00,https://jlcpcb.com/partdetail/C16072," JLC stock is the dated observation, not reserved inventory.",10,10,JLCPCB SMT assembly,24090,https://jlcpcb.com/partdetail/C16072,"Conservative planning: max(10 installed, 0 minimum)+0 attrition. Exact order-page quantity controls."
USB_POWER,"R6,R9,R4,R5",4,RC0603FR-07100KL,Yageo,100k,SMT,C14675,8590459,In stock (Extended),2026-09-26T08:44:47.054222+00:00,https://jlcpcb.com/partdetail/C14675," JLC stock is the dated observation, not reserved inventory.",40,50,JLCPCB SMT assembly,8590459,https://jlcpcb.com/partdetail/C14675,"Conservative planning: max(40 installed, 20 minimum)+10 attrition. Exact order-page quantity controls."
USB_POWER,D1,1,BZT52C12-7-F,Diodes Incorporated,12V gate clamp,SMT,C124196,9099,In stock (Extended),2026-09-26T08:44:46.423656+00:00,https://jlcpcb.com/partdetail/C124196," JLC stock is the dated observation, not reserved inventory.",10,18,JLCPCB SMT assembly,9099,https://jlcpcb.com/partdetail/C124196,"Conservative planning: max(10 installed, 5 minimum)+8 attrition. Exact order-page quantity controls."
USB_POWER,U1,1,TPSM63610RDFR,Texas Instruments,TPSM63610RDFR,SMT,C7125816,64,In stock (Extended); low stock,2026-09-26T08:44:47.558378+00:00,https://jlcpcb.com/partdetail/C7125816," JLC stock is the dated observation, not reserved inventory.",10,10,JLCPCB SMT assembly,64,https://jlcpcb.com/partdetail/C7125816,"Conservative planning: max(10 installed, 0 minimum)+0 attrition. Exact order-page quantity controls."
USB_POWER,"C1,C2",2,CNA6P1X7R1H106KT000A,TDK,10uF 50V X7R,SMT,C694544,1024,In stock,2026-09-26,https://jlcpcb.com/partdetail/C694544,"Applied D4: Complete manufacturer orderable suffix; same electrical part JLC stock is the dated observation, not reserved inventory.",20,20,JLCPCB SMT assembly,1024,https://jlcpcb.com/partdetail/C694544,"Conservative planning: max(20 installed, 5 minimum)+0 attrition. Exact order-page quantity controls."
USB_POWER,"C3,C9,C10,C13,C14",5,GRM32ER71A476ME15L,Murata,47uF 10V X7R,SMT,C415541,741,In stock (Extended),2026-09-26T08:48:43.101578+00:00,https://jlcpcb.com/partdetail/C415541," JLC stock is the dated observation, not reserved inventory.",50,50,JLCPCB SMT assembly,741,https://jlcpcb.com/partdetail/C415541,"Conservative planning: max(50 installed, 5 minimum)+0 attrition. Exact order-page quantity controls."
USB_POWER,R1,1,RT0603BRD0724K9L,Yageo,24.9k 0.1%,SMT,C136967,6436,In stock (Extended),2026-09-26T08:44:47.056227+00:00,https://jlcpcb.com/partdetail/C136967," JLC stock is the dated observation, not reserved inventory.",10,28,JLCPCB SMT assembly,6436,https://jlcpcb.com/partdetail/C136967,"Conservative planning: max(10 installed, 20 minimum)+8 attrition. Exact order-page quantity controls."
USB_POWER,R7,1,RT0603BRD07102KL,Yageo,102k 0.1%,SMT,C861068,10762,In stock (Extended),2026-09-26T08:48:43.101578+00:00,https://jlcpcb.com/partdetail/C861068," JLC stock is the dated observation, not reserved inventory.",10,28,JLCPCB SMT assembly,10762,https://jlcpcb.com/partdetail/C861068,"Conservative planning: max(10 installed, 20 minimum)+8 attrition. Exact order-page quantity controls."
USB_POWER,R8,1,ERJ-3EKF1582V,Panasonic,15.8k 1%,SMT,C403003,4503,In stock,2026-09-26,https://jlcpcb.com/partdetail/C403003,"Applied D4: Same15.8k1%100ppm100mW0603; exactmanufacturerverified; JLCnormalizedERJ3EKF1582V in-stock. JLC stock is the dated observation, not reserved inventory.",10,30,JLCPCB SMT assembly,4503,https://jlcpcb.com/partdetail/C403003,"Conservative planning: max(10 installed, 20 minimum)+10 attrition. Exact order-page quantity controls."
USB_POWER,"C11,C4,C5,C8",4,GRM188R71E104KA01D,Murata,100nF 25V,SMT,C77050,161914,In stock (Extended),2026-09-26T08:44:22.612045+00:00,https://jlcpcb.com/partdetail/C77050," JLC stock is the dated observation, not reserved inventory.",40,50,JLCPCB SMT assembly,161914,https://jlcpcb.com/partdetail/C77050,Conservative placeholder allowance; part-specific attrition/minimum must be resolved by JLC BOM matching.
USB_POWER,C12,1,EEE-FK1E470P,Panasonic,47uF 25V bulk,SMT,C178545,12963,In stock (Extended),2026-09-26T08:48:43.101578+00:00,https://jlcpcb.com/partdetail/C178545,"Panasonic catalog punctuation normalized: EEE-FK1E470P = EEEFK1E470P.  JLC stock is the dated observation, not reserved inventory.",10,11,JLCPCB SMT assembly,12963,https://jlcpcb.com/partdetail/C178545,"Conservative planning: max(10 installed, 5 minimum)+1 attrition. Exact order-page quantity controls."
USB_POWER,"U2,U3",2,TPS2557DRBR,Texas Instruments,TPS2557DRB,SMT,C130056,1957,In stock (Extended),2026-09-26T08:44:47.802232+00:00,https://jlcpcb.com/partdetail/C130056," JLC stock is the dated observation, not reserved inventory.",20,20,JLCPCB SMT assembly,1957,https://jlcpcb.com/partdetail/C130056,"Conservative planning: max(20 installed, 0 minimum)+0 attrition. Exact order-page quantity controls."
USB_POWER,"R2,R3",2,RT0603BRD0732K4L,Yageo,32.4k 0.1%,SMT,C861323,22326,In stock (Extended),2026-09-26T08:44:47.075233+00:00,https://jlcpcb.com/partdetail/C861323," JLC stock is the dated observation, not reserved inventory.",20,30,JLCPCB SMT assembly,22326,https://jlcpcb.com/partdetail/C861323,Conservative placeholder allowance; part-specific attrition/minimum must be resolved by JLC BOM matching.
USB_POWER,"C6,C7",2,GRM31CR71A226KE15L,Murata,22uF 10V,SMT,C91604,101994,In stock (Extended),2026-09-26T08:44:46.359592+00:00,https://jlcpcb.com/partdetail/C91604," JLC stock is the dated observation, not reserved inventory.",20,22,JLCPCB SMT assembly,101994,https://jlcpcb.com/partdetail/C91604,"Conservative planning: max(20 installed, 5 minimum)+2 attrition. Exact order-page quantity controls."
USB_POWER,"J2,J3",2,614004190021,Würth Elektronik,USB-A 3A,MANUAL_THT,C6402847,426,Exact loose part in stock; user-fit,2026-09-26,https://jlcpcb.com/partdetail/C6402847,D6 exact MPN retained. Purchase separately as loose parts from the listed supplier; omit from JLC SMT assembly.,20,24,DigiKey,4651,https://www.digikey.com/en/products/detail/w%C3%BCrth-elektronik/614004190021/5956436,"20 percent spares, rounded to supplier order multiple; combined across all board rows for this MPN; quantity shown only on first occurrence."
USB_POWER,"U5,U6",2,USBLC6-2SC6,STMicroelectronics,USBLC6-2SC6,SMT,C7519,45071,In stock (Extended),2026-09-26T08:44:47.767981+00:00,https://jlcpcb.com/partdetail/C7519," JLC stock is the dated observation, not reserved inventory.",20,22,JLCPCB SMT assembly,45071,https://jlcpcb.com/partdetail/C7519,"Conservative planning: max(20 installed, 5 minimum)+2 attrition. Exact order-page quantity controls."
USB_POWER,U4,1,TPS2513ADBVR,Texas Instruments,TPS2513ADBVR,SMT,C473910,37,In stock (Extended); low stock,2026-09-26T08:44:47.803234+00:00,https://jlcpcb.com/partdetail/C473910," JLC stock is the dated observation, not reserved inventory.",10,10,JLCPCB SMT assembly,37,https://jlcpcb.com/partdetail/C473910,"Conservative planning: max(10 installed, 5 minimum)+0 attrition. Exact order-page quantity controls."
MAIN_POWER,"MAIN_POWER F1 insert,MAIN_POWER F2 insert",2,028707.5PXCN,Littelfuse,7.5 A / 32 VDC blade fuse,MANUAL_INSERT,C142688,1944,Exact loose part in stock; user-fit,2026-09-26,https://jlcpcb.com/partdetail/C142688,D6 exact MPN retained. Purchase separately as loose parts from the listed supplier; omit from JLC SMT assembly.,20,24,DigiKey,21020,https://www.digikey.com/en/products/detail/littelfuse-inc/028707-5PXCN/2519829,"20 percent spares, rounded to supplier order multiple; combined across all board rows for this MPN; quantity shown only on first occurrence."
MAIN_POWER,MAIN_POWER F3 insert,1,0287001.PXCN,Littelfuse,1 A / 32 VDC blade fuse,MANUAL_INSERT,C142679,3722,Exact loose part in stock; user-fit,2026-09-26,https://jlcpcb.com/partdetail/C142679,D6 exact MPN retained. Purchase separately as loose parts from the listed supplier; omit from JLC SMT assembly.,10,15,LCSC,3750,https://www.lcsc.com/product-detail/C142679.html,"20 percent spares, rounded to supplier order multiple; combined across all board rows for this MPN; quantity shown only on first occurrence."
MAIN_POWER,MAIN_POWER F4 insert,1,0287005.PXCN,Littelfuse,5 A / 32 VDC blade fuse,MANUAL_INSERT,C142682,3448,Exact loose part in stock; user-fit,2026-09-26,https://jlcpcb.com/partdetail/C142682,D6 exact MPN retained. Purchase separately as loose parts from the listed supplier; omit from JLC SMT assembly.,10,15,LCSC,5895,https://www.lcsc.com/product-detail/PTC-Fuse_Littelfuse_0287005-PXCN_5A-32V_C142682.html,"20 percent spares, rounded to supplier order multiple; combined across all board rows for this MPN; quantity shown only on first occurrence."
MAIN_POWER,MAIN_POWER F5 insert,1,0287010.PXCN,Littelfuse,10 A / 32 VDC blade fuse,MANUAL_INSERT,C142683,14671,Exact loose part in stock; user-fit,2026-09-26,https://jlcpcb.com/partdetail/C142683,D6 exact MPN retained. Purchase separately as loose parts from the listed supplier; omit from JLC SMT assembly.,10,15,LCSC,14670,https://www.lcsc.com/product-detail/C142683.html,"20 percent spares, rounded to supplier order multiple; combined across all board rows for this MPN; quantity shown only on first occurrence."
POE_POWER,POE F6 insert,1,166.7000.4302,Littelfuse,3 A / 80 VDC blade fuse,MANUAL_INSERT,C3662004,10,Obsolete; exact loose stock covers batch,2026-09-26,https://jlcpcb.com/partdetail/C3662004,"Manufacturer obsolescence confirmed; purchase 20: ten fitted plus ten replacement inserts. Suitable supply route for this batch, not guaranteed future availability. Never substitute 32 V fuse.",10,20,DigiKey,378,https://www.digikey.com/en/products/detail/littelfuse-inc/166-7000-4302/2515899,10 installed plus 10 spares; parent-approved obsolete-part allowance; combined across all board rows for this MPN; quantity shown only on first occurrence.
HARNESS,"MAIN J2,J3,J4,J5,J6; POE J1; USB J1",7,VHR-2N-BK,JST,2-position VH housing,MANUAL_HARNESS,C595405,30543,Exact loose part in stock; user-fit,2026-09-26,https://jlcpcb.com/partdetail/C595405,D6 exact MPN retained. Purchase separately as loose parts from the listed supplier; omit from JLC SMT assembly.,70,90,LCSC,30640,https://www.lcsc.com/product-detail/C595405.html,"20 percent spares, rounded to supplier order multiple; combined across all board rows for this MPN; quantity shown only on first occurrence."
HARNESS,POE J6 output housing,1,VHR-3N,JST,3-position VH housing,MANUAL_HARNESS,C157899,47874,Exact loose part in stock; user-fit,2026-09-26,https://jlcpcb.com/partdetail/C157899,D6 exact MPN retained. Purchase separately as loose parts from the listed supplier; omit from JLC SMT assembly.,10,20,LCSC,49960,https://www.lcsc.com/product-detail/C157899.html,"20 percent spares, rounded to supplier order multiple; combined across all board rows for this MPN; quantity shown only on first occurrence."
HARNESS,Contacts for eight housings,16,SVH-41T-P1.1,JST,"Crimp socket contact, AWG20–16",MANUAL_HARNESS,C160350,111659,Exact loose part in stock; user-fit,2026-09-26,https://jlcpcb.com/partdetail/C160350,D6 exact MPN retained. Purchase separately as loose parts from the listed supplier; omit from JLC SMT assembly.,160,200,LCSC,136100,https://www.lcsc.com/product-detail/C160350.html,"20 percent spares, rounded to supplier order multiple; combined across all board rows for this MPN; quantity shown only on first occurrence."
